{"v":"5.4.4","fr":45,"ip":0,"op":45,"w":420,"h":420,"nm":"Comp 1","ddd":0,"assets":[],"layers":[{"ddd":0,"ind":1,"ty":4,"nm":"world line Outlines","sr":1,"ks":{"o":{"a":0,"k":100,"ix":11},"r":{"a":0,"k":0,"ix":10},"p":{"a":0,"k":[210,210,0],"ix":2},"a":{"a":0,"k":[210,210,0],"ix":1},"s":{"a":0,"k":[100,100,100],"ix":6}},"ao":0,"shapes":[{"ty":"gr","it":[{"ind":0,"ty":"sh","ix":1,"ks":{"a":0,"k":{"i":[[83.262,0],[0,-83.262],[-83.262,0],[0,83.262]],"o":[[-83.262,0],[0,83.262],[83.262,0],[0,-83.262]],"v":[[0,-151],[-151,0],[0,151],[151,0]],"c":true},"ix":2},"nm":"Path 1","mn":"ADBE Vector Shape - Group","hd":false},{"ind":1,"ty":"sh","ix":2,"ks":{"a":0,"k":{"i":[[87.673,0],[0,87.673],[-87.673,0],[0,-87.673]],"o":[[-87.673,0],[0,-87.673],[87.673,0],[0,87.673]],"v":[[0,159],[-159,0],[0,-159],[159,0]],"c":true},"ix":2},"nm":"Path 2","mn":"ADBE Vector Shape - Group","hd":false},{"ty":"mm","mm":1,"nm":"Merge Paths 1","mn":"ADBE Vector Filter - Merge","hd":false},{"ty":"fl","c":{"a":0,"k":[0.081999999402,0.745000023935,0.808000033509,1],"ix":4},"o":{"a":0,"k":100,"ix":5},"r":1,"bm":0,"nm":"Fill 1","mn":"ADBE Vector Graphic - Fill","hd":false},{"ty":"tr","p":{"a":0,"k":[210,210],"ix":2},"a":{"a":0,"k":[0,0],"ix":1},"s":{"a":0,"k":[100,100],"ix":3},"r":{"a":0,"k":0,"ix":6},"o":{"a":0,"k":100,"ix":7},"sk":{"a":0,"k":0,"ix":4},"sa":{"a":0,"k":0,"ix":5},"nm":"Transform"}],"nm":"Group 1","np":4,"cix":2,"bm":0,"ix":1,"mn":"ADBE Vector Group","hd":false}],"ip":0,"op":45.0450450450451,"st":0,"bm":0},{"ddd":0,"ind":2,"ty":4,"nm":"plane Outlines 2","sr":1,"ks":{"o":{"a":0,"k":100,"ix":11},"r":{"a":1,"k":[{"i":{"x":[0.833],"y":[0.833]},"o":{"x":[0.167],"y":[0.167]},"t":0,"s":[0],"e":[360]},{"t":33.033203125}],"ix":10},"p":{"a":0,"k":[210,210,0],"ix":2},"a":{"a":0,"k":[210,210,0],"ix":1},"s":{"a":0,"k":[100,100,100],"ix":6}},"ao":0,"ef":[{"ty":5,"nm":"Timewarp","np":40,"mn":"ADBE Timewarp","ix":1,"en":1,"ef":[{"ty":7,"nm":"Method","mn":"ADBE Timewarp-0001","ix":1,"v":{"a":0,"k":1,"ix":1}},{"ty":7,"nm":"Adjust Time By","mn":"ADBE Timewarp-0002","ix":2,"v":{"a":0,"k":1,"ix":2}},{"ty":0,"nm":"Speed","mn":"ADBE Timewarp-0003","ix":3,"v":{"a":1,"k":[{"i":{"x":[0.833],"y":[0.833]},"o":{"x":[0.167],"y":[0.167]},"t":0,"s":[-30],"e":[130.545]},{"i":{"x":[0.833],"y":[0.833]},"o":{"x":[0.167],"y":[0.167]},"t":15.016,"s":[130.545],"e":[200]},{"i":{"x":[0.833],"y":[0.833]},"o":{"x":[0.167],"y":[0.167]},"t":24.023,"s":[200],"e":[80]},{"t":30.029296875}],"ix":3}},{"ty":0,"nm":"Source Frame","mn":"ADBE Timewarp-0004","ix":4,"v":{"a":0,"k":0,"ix":4}},{"ty":6,"nm":"Tuning","mn":"ADBE Timewarp-0005","ix":5,"v":0},{"ty":0,"nm":"Vector Detail","mn":"ADBE Timewarp-0006","ix":6,"v":{"a":0,"k":20,"ix":6}},{"ty":6,"nm":"Smoothing","mn":"ADBE Timewarp-0007","ix":7,"v":0},{"ty":0,"nm":"Global Smoothness","mn":"ADBE Timewarp-0008","ix":8,"v":{"a":0,"k":500,"ix":8}},{"ty":0,"nm":"Local Smoothness","mn":"ADBE Timewarp-0009","ix":9,"v":{"a":0,"k":500,"ix":9}},{"ty":0,"nm":"Smoothing Iterations","mn":"ADBE Timewarp-0010","ix":10,"v":{"a":0,"k":5,"ix":10}},{"ty":6,"nm":"Smoothing","mn":"ADBE Timewarp-0011","ix":11,"v":0},{"ty":7,"nm":"Build From One Image","mn":"ADBE Timewarp-0012","ix":12,"v":{"a":0,"k":0,"ix":12}},{"ty":7,"nm":"Correct Luminance Changes","mn":"ADBE Timewarp-0013","ix":13,"v":{"a":0,"k":0,"ix":13}},{"ty":7,"nm":"Filtering","mn":"ADBE Timewarp-0014","ix":14,"v":{"a":0,"k":1,"ix":14}},{"ty":0,"nm":"Error Threshold","mn":"ADBE Timewarp-0015","ix":15,"v":{"a":0,"k":1,"ix":15}},{"ty":0,"nm":"Block Size","mn":"ADBE Timewarp-0016","ix":16,"v":{"a":0,"k":6,"ix":16}},{"ty":6,"nm":"Weighting","mn":"ADBE Timewarp-0017","ix":17,"v":0},{"ty":0,"nm":"Red Weight","mn":"ADBE Timewarp-0018","ix":18,"v":{"a":0,"k":29.9,"ix":18}},{"ty":0,"nm":"Green Weight","mn":"ADBE Timewarp-0019","ix":19,"v":{"a":0,"k":58.7,"ix":19}},{"ty":0,"nm":"Blue Weight","mn":"ADBE Timewarp-0020","ix":20,"v":{"a":0,"k":11.44,"ix":20}},{"ty":6,"nm":"Weighting","mn":"ADBE Timewarp-0277","ix":21,"v":0},{"ty":6,"nm":"Tuning","mn":"ADBE Timewarp-0278","ix":22,"v":0},{"ty":6,"nm":"Motion Blur","mn":"ADBE Timewarp-0023","ix":23,"v":0},{"ty":7,"nm":"Enable Motion Blur","mn":"ADBE Timewarp-0024","ix":24,"v":{"a":0,"k":0,"ix":24}},{"ty":7,"nm":"Shutter Control","mn":"ADBE Timewarp-0025","ix":25,"v":{"a":0,"k":2,"ix":25}},{"ty":0,"nm":"Shutter Angle","mn":"ADBE Timewarp-0026","ix":26,"v":{"a":0,"k":180,"ix":26}},{"ty":0,"nm":"Shutter Samples","mn":"ADBE Timewarp-0027","ix":27,"v":{"a":0,"k":319,"ix":27}},{"ty":6,"nm":"Motion Blur","mn":"ADBE Timewarp-0028","ix":28,"v":0},{"ty":10,"nm":"Matte Layer","mn":"ADBE Timewarp-0029","ix":29,"v":{"a":0,"k":0,"ix":29}},{"ty":7,"nm":"Matte Channel","mn":"ADBE Timewarp-0030","ix":30,"v":{"a":0,"k":3,"ix":30}},{"ty":10,"nm":"Warp Layer","mn":"ADBE Timewarp-0031","ix":31,"v":{"a":0,"k":0,"ix":31}},{"ty":7,"nm":"Show","mn":"ADBE Timewarp-0032","ix":32,"v":{"a":0,"k":1,"ix":32}},{"ty":6,"nm":"Source Crops","mn":"ADBE Timewarp-0033","ix":33,"v":0},{"ty":0,"nm":"Left","mn":"ADBE Timewarp-0034","ix":34,"v":{"a":0,"k":0,"ix":34}},{"ty":0,"nm":"Right","mn":"ADBE Timewarp-0035","ix":35,"v":{"a":0,"k":100,"ix":35}},{"ty":0,"nm":"Bottom","mn":"ADBE Timewarp-0036","ix":36,"v":{"a":0,"k":0,"ix":36}},{"ty":0,"nm":"Top","mn":"ADBE Timewarp-0037","ix":37,"v":{"a":0,"k":100,"ix":37}},{"ty":6,"nm":"Source Crops","mn":"ADBE Timewarp-0038","ix":38,"v":0}]}],"shapes":[{"ty":"gr","it":[{"ind":0,"ty":"sh","ix":1,"ks":{"a":0,"k":{"i":[[2.617,0],[0,0],[0,0],[0.117,0],[0,0],[0.117,-0.234],[-0.117,-0.175],[0,0],[0,0],[0,0],[0,0],[0,0],[0.176,0],[0,0],[0.059,-0.176],[-0.058,-0.235],[0,0],[-1.114,-0.117],[0,0],[0,0],[-0.059,-0.234],[-0.234,0],[0,0],[-0.118,0.058],[0,0],[0,0],[0,2.792]],"o":[[0,0],[0,0],[-0.117,-0.059],[0,0],[-0.234,0],[-0.118,0.176],[0,0],[0,0],[0,0],[0,0],[-0.644,0],[-0.118,-0.117],[0,0],[-0.176,0],[-0.117,0.176],[0,0],[0.41,1.055],[0,0],[0,0],[-0.176,0.175],[0.058,0.235],[0,0],[0.117,0],[0,0],[0,0],[2.696,0],[0,-2.793]],"v":[[21.23,-5.801],[8.614,-6.094],[-2.598,-15.448],[-2.949,-15.566],[-9.082,-15.566],[-9.609,-15.214],[-9.551,-14.57],[-3.384,-6.721],[1.5,-6.016],[-5.443,-6.02],[-15.039,-5.859],[-20.585,-11.641],[-21.054,-11.874],[-25.429,-11.874],[-25.898,-11.581],[-25.957,-10.995],[-21.191,-0.566],[-18.73,1.309],[-2.657,3.066],[-12.598,14.57],[-12.715,15.215],[-12.188,15.566],[-4.707,15.566],[-4.297,15.449],[8.671,4.298],[21.171,4.473],[26.015,-0.663]],"c":true},"ix":2},"nm":"Path 1","mn":"ADBE Vector Shape - Group","hd":false},{"ty":"fl","c":{"a":0,"k":[0.081999999402,0.745000023935,0.808000033509,1],"ix":4},"o":{"a":0,"k":100,"ix":5},"r":1,"bm":0,"nm":"Fill 1","mn":"ADBE Vector Graphic - Fill","hd":false},{"ty":"tr","p":{"a":0,"k":[209.99,26.02],"ix":2},"a":{"a":0,"k":[0,0],"ix":1},"s":{"a":0,"k":[100,100],"ix":3},"r":{"a":0,"k":0,"ix":6},"o":{"a":0,"k":100,"ix":7},"sk":{"a":0,"k":0,"ix":4},"sa":{"a":0,"k":0,"ix":5},"nm":"Transform"}],"nm":"Group 1","np":2,"cix":2,"bm":0,"ix":1,"mn":"ADBE Vector Group","hd":false}],"ip":0,"op":45.0450450450451,"st":0,"bm":0},{"ddd":0,"ind":3,"ty":4,"nm":"plane Outlines","sr":1,"ks":{"o":{"a":0,"k":100,"ix":11},"r":{"a":1,"k":[{"i":{"x":[0.833],"y":[0.833]},"o":{"x":[0.167],"y":[0.167]},"t":0,"s":[0],"e":[360]},{"t":33.033203125}],"ix":10},"p":{"a":0,"k":[210,210,0],"ix":2},"a":{"a":0,"k":[210,210,0],"ix":1},"s":{"a":0,"k":[100,100,100],"ix":6}},"ao":0,"ef":[{"ty":5,"nm":"Timewarp","np":40,"mn":"ADBE Timewarp","ix":1,"en":1,"ef":[{"ty":7,"nm":"Method","mn":"ADBE Timewarp-0001","ix":1,"v":{"a":0,"k":3,"ix":1}},{"ty":7,"nm":"Adjust Time By","mn":"ADBE Timewarp-0002","ix":2,"v":{"a":0,"k":1,"ix":2}},{"ty":0,"nm":"Speed","mn":"ADBE Timewarp-0003","ix":3,"v":{"a":1,"k":[{"i":{"x":[0.833],"y":[0.833]},"o":{"x":[0.167],"y":[0.167]},"t":0,"s":[-30],"e":[130.545]},{"i":{"x":[0.833],"y":[0.833]},"o":{"x":[0.167],"y":[0.167]},"t":15.016,"s":[130.545],"e":[200]},{"i":{"x":[0.833],"y":[0.833]},"o":{"x":[0.167],"y":[0.167]},"t":24.023,"s":[200],"e":[80]},{"t":30.029296875}],"ix":3}},{"ty":0,"nm":"Source Frame","mn":"ADBE Timewarp-0004","ix":4,"v":{"a":0,"k":0,"ix":4}},{"ty":6,"nm":"Tuning","mn":"ADBE Timewarp-0005","ix":5,"v":0},{"ty":0,"nm":"Vector Detail","mn":"ADBE Timewarp-0006","ix":6,"v":{"a":0,"k":20,"ix":6}},{"ty":6,"nm":"Smoothing","mn":"ADBE Timewarp-0007","ix":7,"v":0},{"ty":0,"nm":"Global Smoothness","mn":"ADBE Timewarp-0008","ix":8,"v":{"a":0,"k":500,"ix":8}},{"ty":0,"nm":"Local Smoothness","mn":"ADBE Timewarp-0009","ix":9,"v":{"a":0,"k":500,"ix":9}},{"ty":0,"nm":"Smoothing Iterations","mn":"ADBE Timewarp-0010","ix":10,"v":{"a":0,"k":5,"ix":10}},{"ty":6,"nm":"Smoothing","mn":"ADBE Timewarp-0011","ix":11,"v":0},{"ty":7,"nm":"Build From One Image","mn":"ADBE Timewarp-0012","ix":12,"v":{"a":0,"k":0,"ix":12}},{"ty":7,"nm":"Correct Luminance Changes","mn":"ADBE Timewarp-0013","ix":13,"v":{"a":0,"k":0,"ix":13}},{"ty":7,"nm":"Filtering","mn":"ADBE Timewarp-0014","ix":14,"v":{"a":0,"k":1,"ix":14}},{"ty":0,"nm":"Error Threshold","mn":"ADBE Timewarp-0015","ix":15,"v":{"a":0,"k":1,"ix":15}},{"ty":0,"nm":"Block Size","mn":"ADBE Timewarp-0016","ix":16,"v":{"a":0,"k":6,"ix":16}},{"ty":6,"nm":"Weighting","mn":"ADBE Timewarp-0017","ix":17,"v":0},{"ty":0,"nm":"Red Weight","mn":"ADBE Timewarp-0018","ix":18,"v":{"a":0,"k":29.9,"ix":18}},{"ty":0,"nm":"Green Weight","mn":"ADBE Timewarp-0019","ix":19,"v":{"a":0,"k":58.7,"ix":19}},{"ty":0,"nm":"Blue Weight","mn":"ADBE Timewarp-0020","ix":20,"v":{"a":0,"k":11.44,"ix":20}},{"ty":6,"nm":"Weighting","mn":"ADBE Timewarp-0277","ix":21,"v":0},{"ty":6,"nm":"Tuning","mn":"ADBE Timewarp-0278","ix":22,"v":0},{"ty":6,"nm":"Motion Blur","mn":"ADBE Timewarp-0023","ix":23,"v":0},{"ty":7,"nm":"Enable Motion Blur","mn":"ADBE Timewarp-0024","ix":24,"v":{"a":0,"k":0,"ix":24}},{"ty":7,"nm":"Shutter Control","mn":"ADBE Timewarp-0025","ix":25,"v":{"a":0,"k":2,"ix":25}},{"ty":0,"nm":"Shutter Angle","mn":"ADBE Timewarp-0026","ix":26,"v":{"a":0,"k":180,"ix":26}},{"ty":0,"nm":"Shutter Samples","mn":"ADBE Timewarp-0027","ix":27,"v":{"a":0,"k":5,"ix":27}},{"ty":6,"nm":"Motion Blur","mn":"ADBE Timewarp-0028","ix":28,"v":0},{"ty":10,"nm":"Matte Layer","mn":"ADBE Timewarp-0029","ix":29,"v":{"a":0,"k":0,"ix":29}},{"ty":7,"nm":"Matte Channel","mn":"ADBE Timewarp-0030","ix":30,"v":{"a":0,"k":3,"ix":30}},{"ty":10,"nm":"Warp Layer","mn":"ADBE Timewarp-0031","ix":31,"v":{"a":0,"k":0,"ix":31}},{"ty":7,"nm":"Show","mn":"ADBE Timewarp-0032","ix":32,"v":{"a":0,"k":1,"ix":32}},{"ty":6,"nm":"Source Crops","mn":"ADBE Timewarp-0033","ix":33,"v":0},{"ty":0,"nm":"Left","mn":"ADBE Timewarp-0034","ix":34,"v":{"a":0,"k":0,"ix":34}},{"ty":0,"nm":"Right","mn":"ADBE Timewarp-0035","ix":35,"v":{"a":0,"k":100,"ix":35}},{"ty":0,"nm":"Bottom","mn":"ADBE Timewarp-0036","ix":36,"v":{"a":0,"k":0,"ix":36}},{"ty":0,"nm":"Top","mn":"ADBE Timewarp-0037","ix":37,"v":{"a":0,"k":100,"ix":37}},{"ty":6,"nm":"Source Crops","mn":"ADBE Timewarp-0038","ix":38,"v":0}]}],"shapes":[{"ty":"gr","it":[{"ind":0,"ty":"sh","ix":1,"ks":{"a":0,"k":{"i":[[9.811,-3.161],[11.009,-6.195],[9.601,-8.2],[7.795,-9.939],[5.664,-11.278],[1.741,-25.096],[-8.066,-23.713],[-16.471,-18.67],[-22.247,-10.881],[-11.936,-3.175],[-12.29,-0.874],[-23.31,7.758],[-18.629,15.99],[10.699,-6.004],[11.666,-3.761],[24.355,2.058],[21.555,11.267],[15.476,18.597],[7.119,22.966],[-2.06,23.839],[-10.917,21.198],[-18.111,15.508],[-22.634,7.51],[-13.197,1.408],[0.529,1.359],[0,0]],"o":[[-12.01,3.875],[-11.013,6.185],[-9.565,8.242],[-7.789,9.943],[-11.305,22.578],[-1.704,25.111],[8.083,23.72],[16.488,18.666],[11.111,5.461],[11.935,3.184],[24.596,1.704],[23.322,-7.733],[-9.342,7.964],[-10.698,6.01],[-23.35,7.509],[-24.367,-2.087],[-21.567,-11.284],[-15.465,-18.618],[-7.2,-22.948],[2.027,-23.854],[10.884,-21.22],[18.096,-15.524],[12.568,-4.18],[-1.434,-0.151],[0,0],[-10.18,1.507]],"v":[[-24.243,-182.861],[-58.915,-167.758],[-89.933,-146.106],[-116.071,-118.762],[-136.29,-86.805],[-155.987,-14.314],[-146.217,59.882],[-108.772,124.233],[-49.916,169.128],[-15.23,182.117],[21.227,188.139],[93.989,178.854],[157.691,142.791],[127.548,163.824],[93.869,178.486],[21.343,186.617],[-48.429,166.196],[-104.618,120.672],[-138.931,57.503],[-146.573,-13.59],[-126.839,-82.015],[-82.777,-137.758],[-20.946,-172.76],[11.667,-181.57],[8.355,-184.28],[5.813,-189.844]],"c":true},"ix":2},"nm":"Path 2","mn":"ADBE Vector Shape - Group","hd":false},{"ty":"mm","mm":1,"nm":"Merge Paths 1","mn":"ADBE Vector Filter - Merge","hd":false},{"ty":"gf","o":{"a":1,"k":[{"i":{"x":[0.833],"y":[0.833]},"o":{"x":[0.167],"y":[0.167]},"t":0,"s":[0],"e":[70]},{"i":{"x":[0.833],"y":[0.833]},"o":{"x":[0.167],"y":[0.167]},"t":28.529,"s":[70],"e":[0]},{"t":30.029296875}],"ix":10},"r":1,"bm":0,"g":{"p":3,"k":{"a":0,"k":[0,0.082,0.745,0.808,0.5,0.541,0.873,0.904,1,1,1,1,0,1,0.5,0.5,1,0],"ix":9}},"s":{"a":0,"k":[17.301,-144.141],"ix":5},"e":{"a":0,"k":[137.625,90.738],"ix":6},"t":1,"nm":"Gradient Fill 1","mn":"ADBE Vector Graphic - G-Fill","hd":false},{"ty":"tr","p":{"a":0,"k":[174.997,210.519],"ix":2},"a":{"a":0,"k":[0,0],"ix":1},"s":{"a":0,"k":[100,100],"ix":3},"r":{"a":0,"k":0,"ix":6},"o":{"a":0,"k":100,"ix":7},"sk":{"a":0,"k":0,"ix":4},"sa":{"a":0,"k":0,"ix":5},"nm":"Transform"}],"nm":"Group 3","np":3,"cix":2,"bm":0,"ix":1,"mn":"ADBE Vector Group","hd":false}],"ip":0,"op":45.0450450450451,"st":0,"bm":0},{"ddd":0,"ind":4,"ty":4,"nm":"continents Outlines","sr":1,"ks":{"o":{"a":0,"k":100,"ix":11},"r":{"a":0,"k":0,"ix":10},"p":{"a":1,"k":[{"i":{"x":0.833,"y":0.833},"o":{"x":0.167,"y":0.167},"t":0,"s":[530,210,0],"e":[14,210,0],"to":[-86,0,0],"ti":[86,0,0]},{"t":33.033203125}],"ix":2},"a":{"a":0,"k":[523.5,210,0],"ix":1},"s":{"a":0,"k":[100,100,100],"ix":6}},"ao":0,"ef":[{"ty":5,"nm":"Timewarp","np":40,"mn":"ADBE Timewarp","ix":1,"en":1,"ef":[{"ty":7,"nm":"Method","mn":"ADBE Timewarp-0001","ix":1,"v":{"a":0,"k":1,"ix":1}},{"ty":7,"nm":"Adjust Time By","mn":"ADBE Timewarp-0002","ix":2,"v":{"a":0,"k":1,"ix":2}},{"ty":0,"nm":"Speed","mn":"ADBE Timewarp-0003","ix":3,"v":{"a":1,"k":[{"i":{"x":[0.833],"y":[0.833]},"o":{"x":[0.167],"y":[0.167]},"t":0,"s":[0],"e":[100]},{"i":{"x":[0.833],"y":[0.833]},"o":{"x":[0.167],"y":[0.167]},"t":4.504,"s":[100],"e":[200]},{"i":{"x":[0.833],"y":[0.833]},"o":{"x":[0.167],"y":[0.167]},"t":12.012,"s":[200],"e":[20]},{"t":33.033203125}],"ix":3}},{"ty":0,"nm":"Source Frame","mn":"ADBE Timewarp-0004","ix":4,"v":{"a":0,"k":0,"ix":4}},{"ty":6,"nm":"Tuning","mn":"ADBE Timewarp-0005","ix":5,"v":0},{"ty":0,"nm":"Vector Detail","mn":"ADBE Timewarp-0006","ix":6,"v":{"a":0,"k":20,"ix":6}},{"ty":6,"nm":"Smoothing","mn":"ADBE Timewarp-0007","ix":7,"v":0},{"ty":0,"nm":"Global Smoothness","mn":"ADBE Timewarp-0008","ix":8,"v":{"a":0,"k":500,"ix":8}},{"ty":0,"nm":"Local Smoothness","mn":"ADBE Timewarp-0009","ix":9,"v":{"a":0,"k":500,"ix":9}},{"ty":0,"nm":"Smoothing Iterations","mn":"ADBE Timewarp-0010","ix":10,"v":{"a":0,"k":5,"ix":10}},{"ty":6,"nm":"Smoothing","mn":"ADBE Timewarp-0011","ix":11,"v":0},{"ty":7,"nm":"Build From One Image","mn":"ADBE Timewarp-0012","ix":12,"v":{"a":0,"k":0,"ix":12}},{"ty":7,"nm":"Correct Luminance Changes","mn":"ADBE Timewarp-0013","ix":13,"v":{"a":0,"k":0,"ix":13}},{"ty":7,"nm":"Filtering","mn":"ADBE Timewarp-0014","ix":14,"v":{"a":0,"k":1,"ix":14}},{"ty":0,"nm":"Error Threshold","mn":"ADBE Timewarp-0015","ix":15,"v":{"a":0,"k":1,"ix":15}},{"ty":0,"nm":"Block Size","mn":"ADBE Timewarp-0016","ix":16,"v":{"a":0,"k":6,"ix":16}},{"ty":6,"nm":"Weighting","mn":"ADBE Timewarp-0017","ix":17,"v":0},{"ty":0,"nm":"Red Weight","mn":"ADBE Timewarp-0018","ix":18,"v":{"a":0,"k":29.9,"ix":18}},{"ty":0,"nm":"Green Weight","mn":"ADBE Timewarp-0019","ix":19,"v":{"a":0,"k":58.7,"ix":19}},{"ty":0,"nm":"Blue Weight","mn":"ADBE Timewarp-0020","ix":20,"v":{"a":0,"k":11.44,"ix":20}},{"ty":6,"nm":"Weighting","mn":"ADBE Timewarp-0277","ix":21,"v":0},{"ty":6,"nm":"Tuning","mn":"ADBE Timewarp-0278","ix":22,"v":0},{"ty":6,"nm":"Motion Blur","mn":"ADBE Timewarp-0023","ix":23,"v":0},{"ty":7,"nm":"Enable Motion Blur","mn":"ADBE Timewarp-0024","ix":24,"v":{"a":0,"k":0,"ix":24}},{"ty":7,"nm":"Shutter Control","mn":"ADBE Timewarp-0025","ix":25,"v":{"a":0,"k":2,"ix":25}},{"ty":0,"nm":"Shutter Angle","mn":"ADBE Timewarp-0026","ix":26,"v":{"a":0,"k":180,"ix":26}},{"ty":0,"nm":"Shutter Samples","mn":"ADBE Timewarp-0027","ix":27,"v":{"a":0,"k":5,"ix":27}},{"ty":6,"nm":"Motion Blur","mn":"ADBE Timewarp-0028","ix":28,"v":0},{"ty":10,"nm":"Matte Layer","mn":"ADBE Timewarp-0029","ix":29,"v":{"a":0,"k":0,"ix":29}},{"ty":7,"nm":"Matte Channel","mn":"ADBE Timewarp-0030","ix":30,"v":{"a":0,"k":3,"ix":30}},{"ty":10,"nm":"Warp Layer","mn":"ADBE Timewarp-0031","ix":31,"v":{"a":0,"k":0,"ix":31}},{"ty":7,"nm":"Show","mn":"ADBE Timewarp-0032","ix":32,"v":{"a":0,"k":1,"ix":32}},{"ty":6,"nm":"Source Crops","mn":"ADBE Timewarp-0033","ix":33,"v":0},{"ty":0,"nm":"Left","mn":"ADBE Timewarp-0034","ix":34,"v":{"a":0,"k":0,"ix":34}},{"ty":0,"nm":"Right","mn":"ADBE Timewarp-0035","ix":35,"v":{"a":0,"k":100,"ix":35}},{"ty":0,"nm":"Bottom","mn":"ADBE Timewarp-0036","ix":36,"v":{"a":0,"k":0,"ix":36}},{"ty":0,"nm":"Top","mn":"ADBE Timewarp-0037","ix":37,"v":{"a":0,"k":100,"ix":37}},{"ty":6,"nm":"Source Crops","mn":"ADBE Timewarp-0038","ix":38,"v":0}]}],"shapes":[{"ty":"gr","it":[{"ind":0,"ty":"sh","ix":1,"ks":{"a":0,"k":{"i":[[2.302,-0.116],[0.937,-1.478],[1.251,-1.419],[1.015,-3.791],[-1.445,-0.979],[-2.097,1.534],[-2.076,3.114],[-0.248,2.753]],"o":[[-1.747,0.089],[-1.012,1.6],[-2.593,2.946],[-0.451,1.685],[2.151,1.458],[3.021,-2.209],[1.533,-2.3],[0.208,-2.296]],"v":[[7.242,-14.976],[3.365,-9.148],[-0.537,-2.661],[-12.853,7.072],[-10.268,13.557],[0.122,13.557],[4.658,-0.708],[13.096,-7.854]],"c":true},"ix":2},"nm":"Path 1","mn":"ADBE Vector Shape - Group","hd":false},{"ty":"fl","c":{"a":0,"k":[1,1,1,1],"ix":4},"o":{"a":0,"k":100,"ix":5},"r":1,"bm":0,"nm":"Fill 1","mn":"ADBE Vector Graphic - Fill","hd":false},{"ty":"tr","p":{"a":0,"k":[991.834,308.599],"ix":2},"a":{"a":0,"k":[0,0],"ix":1},"s":{"a":0,"k":[100,100],"ix":3},"r":{"a":0,"k":0,"ix":6},"o":{"a":0,"k":100,"ix":7},"sk":{"a":0,"k":0,"ix":4},"sa":{"a":0,"k":0,"ix":5},"nm":"Transform"}],"nm":"Group 1","np":2,"cix":2,"bm":0,"ix":1,"mn":"ADBE Vector Group","hd":false},{"ty":"gr","it":[{"ind":0,"ty":"sh","ix":1,"ks":{"a":0,"k":{"i":[[0.486,-1.452],[0.022,-2.259],[-0.262,-4.719],[-1.747,-1.039],[-1.121,0.655],[-0.795,4.212],[2.601,3.779],[1.672,-0.043]],"o":[[-0.717,2.144],[-0.046,4.726],[0.112,2.029],[1.116,0.664],[3.703,-2.16],[0.851,-4.508],[-0.949,-1.378],[-1.531,0.04]],"v":[[-5.172,-15.236],[-1.929,-6.798],[-9.049,10.713],[-5.172,17.859],[0.021,17.859],[8.461,2.933],[5.876,-15.236],[0.022,-18.48]],"c":true},"ix":2},"nm":"Path 1","mn":"ADBE Vector Shape - Group","hd":false},{"ty":"fl","c":{"a":0,"k":[1,1,1,1],"ix":4},"o":{"a":0,"k":100,"ix":5},"r":1,"bm":0,"nm":"Fill 1","mn":"ADBE Vector Graphic - Fill","hd":false},{"ty":"tr","p":{"a":0,"k":[988.031,173.258],"ix":2},"a":{"a":0,"k":[0,0],"ix":1},"s":{"a":0,"k":[100,100],"ix":3},"r":{"a":0,"k":0,"ix":6},"o":{"a":0,"k":100,"ix":7},"sk":{"a":0,"k":0,"ix":4},"sa":{"a":0,"k":0,"ix":5},"nm":"Transform"}],"nm":"Group 2","np":2,"cix":2,"bm":0,"ix":2,"mn":"ADBE Vector Group","hd":false},{"ty":"gr","it":[{"ind":0,"ty":"sh","ix":1,"ks":{"a":0,"k":{"i":[[1.275,0.778],[1.187,0.433],[2.386,-1.464],[1.888,-1.537],[1.543,-2.627],[-3.444,-3.215],[-4.603,-1.575],[-1.678,-0.783],[-3.598,1.26],[-1.12,3.148],[0.699,3.168],[3.591,3.49],[1.03,-0.679],[1.396,-1.115]],"o":[[-1.078,-0.658],[-2.63,-0.958],[-2.074,1.274],[-2.363,1.922],[-2.384,4.063],[3.556,3.32],[1.752,0.599],[3.454,1.612],[3.154,-1.104],[1.086,-3.056],[-1.081,-4.89],[-0.886,-0.86],[-1.492,0.982],[-1.167,0.933]],"v":[[6.819,-16.191],[3.576,-20.068],[-7.448,-18.117],[-13.301,-10.337],[-24.325,-5.143],[-23.032,13.66],[-3.571,13.66],[2.284,18.196],[17.184,21.439],[25.623,11.075],[25.623,-1.9],[17.184,-20.069],[12.648,-22.02],[12.648,-14.874]],"c":true},"ix":2},"nm":"Path 1","mn":"ADBE Vector Shape - Group","hd":false},{"ty":"fl","c":{"a":0,"k":[1,1,1,1],"ix":4},"o":{"a":0,"k":100,"ix":5},"r":1,"bm":0,"nm":"Fill 1","mn":"ADBE Vector Graphic - Fill","hd":false},{"ty":"tr","p":{"a":0,"k":[962.436,284.495],"ix":2},"a":{"a":0,"k":[0,0],"ix":1},"s":{"a":0,"k":[100,100],"ix":3},"r":{"a":0,"k":0,"ix":6},"o":{"a":0,"k":100,"ix":7},"sk":{"a":0,"k":0,"ix":4},"sa":{"a":0,"k":0,"ix":5},"nm":"Transform"}],"nm":"Group 3","np":2,"cix":2,"bm":0,"ix":3,"mn":"ADBE Vector Group","hd":false},{"ty":"gr","it":[{"ind":0,"ty":"sh","ix":1,"ks":{"a":0,"k":{"i":[[-1.648,0.124],[-1.091,1.555],[2.182,2.181],[1.043,-0.775],[1.307,-1.078],[1.092,-1.21],[-1.03,-1.254]],"o":[[1.895,-0.143],[1.773,-2.525],[-0.917,-0.919],[-1.358,1.01],[-1.257,1.038],[-1.088,1.203],[1.049,1.278]],"v":[[-0.877,7.86],[6.269,5.275],[6.269,-7.065],[1.074,-7.065],[-0.877,-0.578],[-7.363,0.081],[-7.363,6.568]],"c":true},"ix":2},"nm":"Path 1","mn":"ADBE Vector Shape - Group","hd":false},{"ty":"fl","c":{"a":0,"k":[1,1,1,1],"ix":4},"o":{"a":0,"k":100,"ix":5},"r":1,"bm":0,"nm":"Fill 1","mn":"ADBE Vector Graphic - Fill","hd":false},{"ty":"tr","p":{"a":0,"k":[753.44,131.362],"ix":2},"a":{"a":0,"k":[0,0],"ix":1},"s":{"a":0,"k":[100,100],"ix":3},"r":{"a":0,"k":0,"ix":6},"o":{"a":0,"k":100,"ix":7},"sk":{"a":0,"k":0,"ix":4},"sa":{"a":0,"k":0,"ix":5},"nm":"Transform"}],"nm":"Group 4","np":2,"cix":2,"bm":0,"ix":4,"mn":"ADBE Vector Group","hd":false},{"ty":"gr","it":[{"ind":0,"ty":"sh","ix":1,"ks":{"a":0,"k":{"i":[[1.262,0.335],[0.712,-0.389],[0.759,-2.587],[-1.087,-2.888],[-1.695,-0.284],[-0.77,1.055],[2.241,4.991]],"o":[[-0.784,-0.207],[-2.365,1.293],[-0.869,2.96],[0.606,1.608],[1.287,0.216],[3.228,-4.419],[-0.535,-1.19]],"v":[[1.691,-13.204],[-1.553,-13.204],[-7.381,-4.133],[-7.381,8.208],[-2.845,13.378],[1.691,10.793],[6.227,-10.62]],"c":true},"ix":2},"nm":"Path 1","mn":"ADBE Vector Shape - Group","hd":false},{"ty":"fl","c":{"a":0,"k":[1,1,1,1],"ix":4},"o":{"a":0,"k":100,"ix":5},"r":1,"bm":0,"nm":"Fill 1","mn":"ADBE Vector Graphic - Fill","hd":false},{"ty":"tr","p":{"a":0,"k":[848.842,287.366],"ix":2},"a":{"a":0,"k":[0,0],"ix":1},"s":{"a":0,"k":[100,100],"ix":3},"r":{"a":0,"k":0,"ix":6},"o":{"a":0,"k":100,"ix":7},"sk":{"a":0,"k":0,"ix":4},"sa":{"a":0,"k":0,"ix":5},"nm":"Transform"}],"nm":"Group 5","np":2,"cix":2,"bm":0,"ix":5,"mn":"ADBE Vector Group","hd":false},{"ty":"gr","it":[{"ind":0,"ty":"sh","ix":1,"ks":{"a":0,"k":{"i":[[-1.382,5.271],[2.028,0.977],[6.294,2.359],[2.595,1.479],[8.401,-0.115],[6.998,2.009],[4.369,1.746],[11.301,-3.512],[1.468,-2.79],[0.877,-1.163],[3.242,1.435],[0.924,0.575],[6.08,1.013],[5.99,-0.351],[3.037,-3.316],[-0.282,-4.146],[-2.059,-1.228],[-1.951,1.456],[-1.161,1.23],[-1.597,-1.029],[2.209,-3.415],[4.211,2.353],[1.691,1.596],[1.62,-1.391],[1.556,-2.079],[2.298,-1.724],[0.112,-2.111],[0.954,-1.542],[1.653,-1.995],[-2.672,-2.213],[-2.064,1.576],[-1.508,1.074],[-2.37,0.573],[-1.865,-0.315],[-0.432,-2.501],[-1.393,-1.286],[-0.906,2.138],[-1.104,2.713],[-1.061,-0.243],[-3.564,-0.968],[-2.554,-0.575],[-0.799,-2.992],[1.523,-1.539],[5.485,0.44],[2.404,2.328],[1.933,1.287],[4.315,-1.429],[4.077,-7.237],[1.992,-3.193],[0.622,-0.993],[-1.513,-3.229],[-4.768,-1.725],[-5.614,-1.589],[-1.263,-2.132],[-1.813,-2.695],[-1.31,-2.343],[-1.686,-6.816],[-1.047,-2.969],[-2.826,-3.141],[-4.265,1.279],[-2.286,5.629],[-2.122,4.563],[-1.762,3.512],[-2.3,5.543],[-1.243,4.301],[1.844,1.661],[2.649,3.272],[1.014,2.397],[0.798,2.277],[-1.893,1.777],[-1.012,-0.511],[-1.284,-4.457],[-1.167,-1.757],[-1.527,0.171],[-1.17,5.183],[-2.792,5.543],[-2.422,-1.641],[-1.22,-1.649],[-3.668,-2.009],[-1.364,-2.238],[-1.216,-3.201],[-5.907,2.523],[-7.366,4.183],[-2.016,-1.708],[-2.437,-4.571],[-2.309,1.026],[-2.238,2.355],[-0.736,-0.338],[-1.451,-0.361],[-1.551,2.797],[-3.59,4.81],[-1.777,1.785],[0.735,3.097],[0.389,3.655],[-2.57,1.505],[-1.094,0.698],[-9.565,2.946],[-0.931,-1.644],[-1.365,-2.21],[-1.711,0.599],[-3.123,3.443]],"o":[[0.57,-2.178],[-6.056,-2.919],[-2.797,-1.049],[-7.299,-4.161],[-7.279,0.098],[-4.522,-1.298],[-10.989,-4.393],[-3.011,0.935],[-0.679,1.289],[-2.135,2.831],[-0.994,-0.441],[-5.235,-3.254],[-5.919,-0.985],[-4.489,0.263],[-2.807,3.064],[0.163,2.393],[2.09,1.247],[1.355,-1.011],[1.304,-1.383],[3.42,2.202],[-2.62,4.05],[-2.028,-1.134],[-1.551,-1.466],[-1.971,1.691],[-1.721,2.301],[-1.691,1.268],[-0.096,1.811],[-1.362,2.204],[-2.213,2.672],[2,1.656],[1.472,-1.124],[1.988,-1.413],[1.839,-0.444],[2.502,0.425],[0.323,1.868],[1.705,1.575],[1.141,-2.697],[0.409,-1.008],[3.598,0.826],[2.527,0.686],[3.023,0.679],[0.559,2.093],[-3.869,3.912],[-3.336,-0.268],[-1.668,-1.615],[-3.782,-2.519],[-7.885,2.612],[-1.848,3.278],[-0.62,0.992],[-1.893,3.022],[2.151,4.59],[5.486,1.985],[2.384,0.675],[1.655,2.794],[1.5,2.225],[3.423,6.131],[0.757,3.057],[1.408,3.985],[2.978,3.309],[5.819,-1.746],[1.895,-4.663],[1.656,-3.563],[2.689,-5.365],[1.716,-4.134],[0.688,-2.384],[-3.128,-2.816],[-1.639,-2.023],[-0.94,-2.222],[-0.857,-2.451],[0.827,-0.776],[4.141,2.09],[0.584,2.027],[0.85,1.28],[5.281,-0.589],[1.368,-6.055],[1.317,-2.613],[1.698,1.15],[2.488,3.362],[2.299,1.259],[1.782,2.923],[2.283,6.004],[7.789,-3.327],[2.297,-1.305],[3.953,3.349],[1.189,2.23],[2.969,-1.319],[0.558,-0.587],[1.36,0.624],[3.103,0.775],[2.91,-5.248],[1.507,-2.019],[2.246,-2.256],[-0.848,-3.577],[-0.315,-2.962],[1.12,-0.657],[8.437,-5.386],[1.806,-0.557],[1.283,2.259],[0.954,1.542],[4.387,-1.537],[3.662,-4.036]],"v":[[151.819,-88.29],[147.283,-96.068],[120.674,-92.191],[112.896,-101.264],[79.799,-107.091],[51.267,-101.264],[37.634,-114.238],[-9.702,-114.238],[-20.092,-107.091],[-20.092,-101.264],[-33.727,-97.36],[-35.652,-101.264],[-60.308,-101.264],[-83.013,-109.042],[-99.232,-101.264],[-105.085,-85.704],[-100.524,-77.266],[-90.792,-77.266],[-88.867,-83.752],[-81.721,-86.337],[-80.428,-70.12],[-98.599,-63.632],[-100.524,-72.729],[-108.962,-74.021],[-108.962,-63.632],[-119.985,-60.389],[-124.546,-53.268],[-121.303,-46.781],[-131.667,-46.781],[-129.082,-33.146],[-118.693,-33.146],[-116.742,-40.294],[-107.01,-39.635],[-100.524,-43.537],[-94.036,-35.732],[-96.646,-28.611],[-88.207,-32.488],[-92.11,-43.536],[-88.207,-45.462],[-79.136,-33.805],[-69.406,-37.682],[-60.967,-28.611],[-62.918,-20.173],[-84.306,-14.978],[-96.646,-20.173],[-100.524,-28.611],[-118.693,-29.245],[-144.641,-8.49],[-146.592,6.436],[-150.495,9.02],[-150.495,23.286],[-134.91,36.26],[-111.572,36.26],[-103.133,41.455],[-102.475,54.43],[-92.743,58.965],[-95.988,86.865],[-88.867,97.255],[-87.549,114.107],[-70.038,117.351],[-52.529,100.499],[-53.188,80.378],[-40.846,70.648],[-40.214,46.65],[-27.872,33.676],[-29.824,23.945],[-46.042,19.41],[-46.701,9.02],[-53.188,1.874],[-52.529,-8.492],[-47.993,-8.492],[-36.97,6.434],[-37.603,14.848],[-31.775,16.798],[-13.607,5.775],[-27.24,-14.978],[-15.557,-15.637],[-12.948,-7.857],[0.661,1.874],[10.392,5.775],[9.098,19.41],[27.901,36.919],[39.585,5.118],[49.974,7.068],[57.095,26.529],[64.241,33.676],[63.583,20.701],[66.826,20.701],[70.728,25.238],[81.752,18.751],[81.117,-5.247],[90.849,-7.857],[94.091,-20.172],[84.362,-31.195],[90.19,-41.584],[95.383,-41.584],[112.237,-77.897],[118.723,-74.02],[118.723,-63.63],[125.211,-60.387],[133.015,-77.264]],"c":true},"ix":2},"nm":"Path 1","mn":"ADBE Vector Shape - Group","hd":false},{"ty":"fl","c":{"a":0,"k":[1,1,1,1],"ix":4},"o":{"a":0,"k":100,"ix":5},"r":1,"bm":0,"nm":"Fill 1","mn":"ADBE Vector Graphic - Fill","hd":false},{"ty":"tr","p":{"a":0,"k":[877.112,204.806],"ix":2},"a":{"a":0,"k":[0,0],"ix":1},"s":{"a":0,"k":[100,100],"ix":3},"r":{"a":0,"k":0,"ix":6},"o":{"a":0,"k":100,"ix":7},"sk":{"a":0,"k":0,"ix":4},"sa":{"a":0,"k":0,"ix":5},"nm":"Transform"}],"nm":"Group 6","np":2,"cix":2,"bm":0,"ix":6,"mn":"ADBE Vector Group","hd":false},{"ty":"gr","it":[{"ind":0,"ty":"sh","ix":1,"ks":{"a":0,"k":{"i":[[3.267,1.942],[1.697,2.839],[0.182,2.198],[0.749,3.177],[-1.072,1.429],[-9.198,-1.288],[-3.827,-5.504],[1.888,-3.496],[3.673,-3.215],[4.667,-1.818],[1.694,1.154]],"o":[[-2.843,-1.69],[-1.131,-1.894],[-0.27,-3.253],[-0.409,-1.738],[5.577,-7.428],[6.64,0.929],[2.269,3.263],[-2.32,4.295],[-3.767,3.3],[-1.909,0.743],[-3.14,-2.141]],"v":[[-15.003,13.247],[-27.979,10.663],[-25.393,2.225],[-31.223,-9.458],[-31.223,-16.604],[4.458,-26.968],[27.162,-12.702],[30.406,2.857],[12.237,10.003],[2.506,27.514],[-5.273,24.928]],"c":true},"ix":2},"nm":"Path 1","mn":"ADBE Vector Shape - Group","hd":false},{"ty":"fl","c":{"a":0,"k":[1,1,1,1],"ix":4},"o":{"a":0,"k":100,"ix":5},"r":1,"bm":0,"nm":"Fill 1","mn":"ADBE Vector Graphic - Fill","hd":false},{"ty":"tr","p":{"a":0,"k":[670.922,103.269],"ix":2},"a":{"a":0,"k":[0,0],"ix":1},"s":{"a":0,"k":[100,100],"ix":3},"r":{"a":0,"k":0,"ix":6},"o":{"a":0,"k":100,"ix":7},"sk":{"a":0,"k":0,"ix":4},"sa":{"a":0,"k":0,"ix":5},"nm":"Transform"}],"nm":"Group 7","np":2,"cix":2,"bm":0,"ix":7,"mn":"ADBE Vector Group","hd":false},{"ty":"gr","it":[{"ind":0,"ty":"sh","ix":1,"ks":{"a":0,"k":{"i":[[1.504,-1.274],[2.487,0.751],[0.827,1.543],[-2.064,2.065],[-1.797,2.302],[-2.666,3.004],[-15.543,6.478],[-2.435,1.075],[-4.396,-6.46],[2.08,-2.673],[-0.197,-3.777],[-2.619,0.583],[-1.089,0.642],[-3.853,-1.901],[-2.467,-1.522],[-1.031,-1.03],[3.268,-2.911],[4.789,-5.136],[1.059,-2.422],[3.744,-5.56],[1.609,-1.609],[0.872,0.437],[2.308,0.778],[2.696,-2.302],[-1.005,-2.489],[-1.279,-1.863],[-1.088,-1.416],[-1.625,-1.923],[-1.325,-1.209],[-6.678,-2.941],[-2.414,-1.063],[-1.607,-1.609],[-1.174,-1.339],[-3.142,-2.06],[0.693,-5.632],[1.178,-3.715],[1.278,-3.565],[3.958,-8.3],[-2.835,-4.736],[-0.818,-2.013],[2.73,-1.055],[1.926,3.99],[1.068,2.587],[0.913,1.758],[5.049,8.694],[1.367,3.678],[0.724,2.833],[1.686,3.772],[-1.699,2.178],[-0.979,0.904],[0.47,1.998],[1.37,0.168],[1.709,0.813],[1.503,1.728],[1.419,1.886],[0.499,0.639],[2.6,5.429],[0.439,2.282],[1.877,3.811],[-4.965,4.942],[-1.281,1.246],[0.623,2.704],[2.322,1.38],[3.577,-2.819]],"o":[[-1.981,1.679],[-1.675,-0.506],[-1.379,-2.574],[2.066,-2.065],[2.471,-3.166],[11.172,-12.598],[2.456,-1.024],[7.148,-3.157],[1.905,2.8],[-2.323,2.985],[0.139,2.68],[1.234,-0.274],[3.702,-2.179],[2.6,1.281],[1.239,0.766],[3.094,3.096],[-5.244,4.669],[-1.802,1.933],[-2.684,6.142],[-1.27,1.887],[-0.689,0.689],[-2.177,-1.092],[-3.359,-1.133],[-2.041,1.743],[0.847,2.096],[1.012,1.473],[1.536,1.995],[1.157,1.37],[5.393,4.918],[2.414,1.062],[2.081,0.916],[1.259,1.258],[2.479,2.823],[4.746,3.11],[-0.475,3.868],[-1.144,3.61],[-3.104,8.655],[-2.376,4.983],[1.115,1.866],[1.1,2.713],[-4.134,1.596],[-1.216,-2.521],[-0.756,-1.832],[-4.634,-8.923],[-1.971,-3.394],[-1.019,-2.74],[-1.023,-4.003],[-1.127,-2.522],[0.82,-1.05],[1.506,-1.393],[-0.315,-1.343],[-1.878,-0.23],[-2.07,-0.984],[-1.549,-1.781],[-0.488,-0.647],[-3.706,-4.744],[-1.004,-2.097],[-0.801,-4.172],[-3.095,-6.285],[1.267,-1.261],[1.989,-1.934],[-0.606,-2.632],[-3.915,-2.326],[-1.548,1.22]],"v":[[-58.346,-77.54],[-68.736,-77.54],[-74.565,-81.417],[-74.565,-93.099],[-62.882,-93.099],[-66.784,-108.683],[0.04,-100.245],[6.527,-108.683],[37.671,-106.073],[33.768,-93.099],[20.794,-85.319],[30.524,-80.784],[33.768,-84.661],[50.645,-87.904],[55.841,-77.54],[61.669,-77.54],[61.669,-60.029],[33.768,-63.273],[35.719,-52.883],[13.014,-38.617],[13.014,-29.519],[9.112,-29.519],[3.284,-37.324],[-10.35,-33.422],[-14.886,-23.691],[-6.448,-20.448],[-6.448,-13.301],[3.284,-10.716],[3.942,-3.57],[33.134,-3.57],[40.256,4.21],[49.352,4.21],[49.352,11.331],[64.253,13.282],[75.935,32.743],[64.912,43.766],[67.497,58.691],[39.622,82.689],[38.964,104.76],[46.743,108.637],[42.866,119.685],[27.281,111.247],[29.232,100.224],[22.746,95.664],[22.746,55.448],[9.112,47.668],[13.014,36.645],[0.699,25.623],[0.699,14.574],[5.869,13.282],[8.478,5.502],[4.576,1.6],[-1.91,5.502],[-3.203,-3.569],[-12.275,-6.18],[-12.275,-9.423],[-35.639,-15.251],[-31.737,-23.69],[-44.077,-35.372],[-41.467,-63.272],[-34.346,-63.906],[-33.054,-74.929],[-38.882,-84.026],[-57.052,-85.318]],"c":true},"ix":2},"nm":"Path 1","mn":"ADBE Vector Shape - Group","hd":false},{"ty":"fl","c":{"a":0,"k":[1,1,1,1],"ix":4},"o":{"a":0,"k":100,"ix":5},"r":1,"bm":0,"nm":"Fill 1","mn":"ADBE Vector Graphic - Fill","hd":false},{"ty":"tr","p":{"a":0,"k":[597.494,208.322],"ix":2},"a":{"a":0,"k":[0,0],"ix":1},"s":{"a":0,"k":[100,100],"ix":3},"r":{"a":0,"k":0,"ix":6},"o":{"a":0,"k":100,"ix":7},"sk":{"a":0,"k":0,"ix":4},"sa":{"a":0,"k":0,"ix":5},"nm":"Transform"}],"nm":"Group 8","np":2,"cix":2,"bm":0,"ix":8,"mn":"ADBE Vector Group","hd":false},{"ty":"gr","it":[{"ind":0,"ty":"sh","ix":1,"ks":{"a":0,"k":{"i":[[2.302,-0.116],[0.937,-1.478],[1.251,-1.419],[1.015,-3.791],[-1.445,-0.979],[-2.097,1.534],[-2.076,3.114],[-0.248,2.753]],"o":[[-1.747,0.089],[-1.012,1.6],[-2.593,2.946],[-0.451,1.685],[2.151,1.458],[3.021,-2.209],[1.533,-2.3],[0.208,-2.296]],"v":[[7.242,-14.976],[3.365,-9.148],[-0.537,-2.661],[-12.853,7.072],[-10.268,13.557],[0.122,13.557],[4.658,-0.708],[13.096,-7.854]],"c":true},"ix":2},"nm":"Path 1","mn":"ADBE Vector Shape - Group","hd":false},{"ty":"fl","c":{"a":0,"k":[1,1,1,1],"ix":4},"o":{"a":0,"k":100,"ix":5},"r":1,"bm":0,"nm":"Fill 1","mn":"ADBE Vector Graphic - Fill","hd":false},{"ty":"tr","p":{"a":0,"k":[474.834,308.599],"ix":2},"a":{"a":0,"k":[0,0],"ix":1},"s":{"a":0,"k":[100,100],"ix":3},"r":{"a":0,"k":0,"ix":6},"o":{"a":0,"k":100,"ix":7},"sk":{"a":0,"k":0,"ix":4},"sa":{"a":0,"k":0,"ix":5},"nm":"Transform"}],"nm":"Group 9","np":2,"cix":2,"bm":0,"ix":9,"mn":"ADBE Vector Group","hd":false},{"ty":"gr","it":[{"ind":0,"ty":"sh","ix":1,"ks":{"a":0,"k":{"i":[[0.486,-1.452],[0.022,-2.259],[-0.262,-4.719],[-1.747,-1.039],[-1.121,0.655],[-0.795,4.212],[2.601,3.779],[1.672,-0.043]],"o":[[-0.717,2.144],[-0.046,4.726],[0.112,2.029],[1.116,0.664],[3.703,-2.16],[0.851,-4.508],[-0.949,-1.378],[-1.531,0.04]],"v":[[-5.172,-15.236],[-1.928,-6.798],[-9.049,10.713],[-5.172,17.859],[0.021,17.859],[8.461,2.933],[5.876,-15.236],[0.022,-18.48]],"c":true},"ix":2},"nm":"Path 1","mn":"ADBE Vector Shape - Group","hd":false},{"ty":"fl","c":{"a":0,"k":[1,1,1,1],"ix":4},"o":{"a":0,"k":100,"ix":5},"r":1,"bm":0,"nm":"Fill 1","mn":"ADBE Vector Graphic - Fill","hd":false},{"ty":"tr","p":{"a":0,"k":[471.031,173.258],"ix":2},"a":{"a":0,"k":[0,0],"ix":1},"s":{"a":0,"k":[100,100],"ix":3},"r":{"a":0,"k":0,"ix":6},"o":{"a":0,"k":100,"ix":7},"sk":{"a":0,"k":0,"ix":4},"sa":{"a":0,"k":0,"ix":5},"nm":"Transform"}],"nm":"Group 10","np":2,"cix":2,"bm":0,"ix":10,"mn":"ADBE Vector Group","hd":false},{"ty":"gr","it":[{"ind":0,"ty":"sh","ix":1,"ks":{"a":0,"k":{"i":[[1.275,0.778],[1.187,0.433],[2.386,-1.464],[1.888,-1.537],[1.543,-2.627],[-3.444,-3.215],[-4.603,-1.575],[-1.678,-0.783],[-3.598,1.26],[-1.12,3.148],[0.699,3.168],[3.591,3.49],[1.03,-0.679],[1.396,-1.115]],"o":[[-1.078,-0.658],[-2.63,-0.958],[-2.074,1.274],[-2.363,1.922],[-2.384,4.063],[3.556,3.32],[1.752,0.599],[3.454,1.612],[3.154,-1.104],[1.086,-3.056],[-1.081,-4.89],[-0.886,-0.86],[-1.492,0.982],[-1.167,0.933]],"v":[[6.819,-16.191],[3.576,-20.068],[-7.448,-18.117],[-13.301,-10.337],[-24.325,-5.143],[-23.032,13.66],[-3.571,13.66],[2.284,18.196],[17.184,21.439],[25.623,11.075],[25.623,-1.9],[17.184,-20.069],[12.648,-22.02],[12.648,-14.874]],"c":true},"ix":2},"nm":"Path 1","mn":"ADBE Vector Shape - Group","hd":false},{"ty":"fl","c":{"a":0,"k":[1,1,1,1],"ix":4},"o":{"a":0,"k":100,"ix":5},"r":1,"bm":0,"nm":"Fill 1","mn":"ADBE Vector Graphic - Fill","hd":false},{"ty":"tr","p":{"a":0,"k":[445.436,284.495],"ix":2},"a":{"a":0,"k":[0,0],"ix":1},"s":{"a":0,"k":[100,100],"ix":3},"r":{"a":0,"k":0,"ix":6},"o":{"a":0,"k":100,"ix":7},"sk":{"a":0,"k":0,"ix":4},"sa":{"a":0,"k":0,"ix":5},"nm":"Transform"}],"nm":"Group 11","np":2,"cix":2,"bm":0,"ix":11,"mn":"ADBE Vector Group","hd":false},{"ty":"gr","it":[{"ind":0,"ty":"sh","ix":1,"ks":{"a":0,"k":{"i":[[-1.648,0.124],[-1.091,1.555],[2.182,2.181],[1.043,-0.775],[1.307,-1.078],[1.092,-1.21],[-1.03,-1.254]],"o":[[1.895,-0.143],[1.773,-2.525],[-0.917,-0.919],[-1.358,1.01],[-1.257,1.038],[-1.088,1.203],[1.049,1.278]],"v":[[-0.877,7.86],[6.269,5.275],[6.269,-7.065],[1.074,-7.065],[-0.877,-0.578],[-7.363,0.081],[-7.363,6.568]],"c":true},"ix":2},"nm":"Path 1","mn":"ADBE Vector Shape - Group","hd":false},{"ty":"fl","c":{"a":0,"k":[1,1,1,1],"ix":4},"o":{"a":0,"k":100,"ix":5},"r":1,"bm":0,"nm":"Fill 1","mn":"ADBE Vector Graphic - Fill","hd":false},{"ty":"tr","p":{"a":0,"k":[236.44,131.362],"ix":2},"a":{"a":0,"k":[0,0],"ix":1},"s":{"a":0,"k":[100,100],"ix":3},"r":{"a":0,"k":0,"ix":6},"o":{"a":0,"k":100,"ix":7},"sk":{"a":0,"k":0,"ix":4},"sa":{"a":0,"k":0,"ix":5},"nm":"Transform"}],"nm":"Group 12","np":2,"cix":2,"bm":0,"ix":12,"mn":"ADBE Vector Group","hd":false},{"ty":"gr","it":[{"ind":0,"ty":"sh","ix":1,"ks":{"a":0,"k":{"i":[[1.262,0.335],[0.712,-0.389],[0.759,-2.587],[-1.087,-2.888],[-1.695,-0.284],[-0.77,1.055],[2.241,4.991]],"o":[[-0.784,-0.207],[-2.365,1.293],[-0.869,2.96],[0.606,1.608],[1.287,0.216],[3.228,-4.419],[-0.535,-1.19]],"v":[[1.691,-13.204],[-1.553,-13.204],[-7.381,-4.133],[-7.381,8.208],[-2.845,13.378],[1.691,10.793],[6.227,-10.62]],"c":true},"ix":2},"nm":"Path 1","mn":"ADBE Vector Shape - Group","hd":false},{"ty":"fl","c":{"a":0,"k":[1,1,1,1],"ix":4},"o":{"a":0,"k":100,"ix":5},"r":1,"bm":0,"nm":"Fill 1","mn":"ADBE Vector Graphic - Fill","hd":false},{"ty":"tr","p":{"a":0,"k":[331.842,287.366],"ix":2},"a":{"a":0,"k":[0,0],"ix":1},"s":{"a":0,"k":[100,100],"ix":3},"r":{"a":0,"k":0,"ix":6},"o":{"a":0,"k":100,"ix":7},"sk":{"a":0,"k":0,"ix":4},"sa":{"a":0,"k":0,"ix":5},"nm":"Transform"}],"nm":"Group 13","np":2,"cix":2,"bm":0,"ix":13,"mn":"ADBE Vector Group","hd":false},{"ty":"gr","it":[{"ind":0,"ty":"sh","ix":1,"ks":{"a":0,"k":{"i":[[-1.382,5.271],[2.028,0.977],[6.294,2.359],[2.595,1.479],[8.401,-0.115],[6.998,2.009],[4.369,1.746],[11.301,-3.512],[1.468,-2.79],[0.877,-1.163],[3.242,1.435],[0.924,0.575],[6.08,1.013],[5.99,-0.351],[3.037,-3.316],[-0.282,-4.146],[-2.059,-1.228],[-1.951,1.456],[-1.161,1.23],[-1.597,-1.029],[2.209,-3.415],[4.211,2.353],[1.691,1.596],[1.62,-1.391],[1.556,-2.079],[2.298,-1.724],[0.112,-2.111],[0.954,-1.542],[1.653,-1.995],[-2.672,-2.213],[-2.064,1.576],[-1.508,1.074],[-2.37,0.573],[-1.865,-0.315],[-0.432,-2.501],[-1.393,-1.286],[-0.906,2.138],[-1.104,2.713],[-1.061,-0.243],[-3.564,-0.968],[-2.554,-0.575],[-0.799,-2.992],[1.523,-1.539],[5.485,0.44],[2.404,2.328],[1.933,1.287],[4.315,-1.429],[4.077,-7.237],[1.992,-3.193],[0.621,-0.993],[-1.514,-3.229],[-4.768,-1.725],[-5.614,-1.589],[-1.263,-2.132],[-1.813,-2.695],[-1.31,-2.343],[-1.686,-6.816],[-1.047,-2.969],[-2.826,-3.141],[-4.265,1.279],[-2.286,5.629],[-2.122,4.563],[-1.762,3.512],[-2.3,5.543],[-1.243,4.301],[1.844,1.661],[2.649,3.272],[1.014,2.397],[0.798,2.277],[-1.893,1.777],[-1.012,-0.511],[-1.284,-4.457],[-1.167,-1.757],[-1.527,0.171],[-1.17,5.183],[-2.792,5.543],[-2.422,-1.641],[-1.22,-1.649],[-3.668,-2.009],[-1.364,-2.238],[-1.216,-3.201],[-5.907,2.523],[-7.366,4.183],[-2.016,-1.708],[-2.437,-4.571],[-2.309,1.026],[-2.238,2.355],[-0.736,-0.338],[-1.451,-0.361],[-1.551,2.797],[-3.59,4.81],[-1.777,1.785],[0.735,3.097],[0.389,3.655],[-2.57,1.505],[-1.094,0.698],[-9.565,2.946],[-0.931,-1.644],[-1.365,-2.21],[-1.711,0.599],[-3.123,3.443]],"o":[[0.57,-2.178],[-6.056,-2.919],[-2.797,-1.049],[-7.299,-4.161],[-7.279,0.098],[-4.522,-1.298],[-10.989,-4.393],[-3.011,0.935],[-0.679,1.289],[-2.135,2.831],[-0.994,-0.441],[-5.235,-3.254],[-5.919,-0.985],[-4.489,0.263],[-2.807,3.064],[0.163,2.393],[2.09,1.247],[1.355,-1.011],[1.304,-1.383],[3.42,2.202],[-2.62,4.05],[-2.028,-1.134],[-1.551,-1.466],[-1.971,1.691],[-1.721,2.301],[-1.691,1.268],[-0.096,1.811],[-1.362,2.204],[-2.213,2.672],[2,1.656],[1.472,-1.124],[1.988,-1.413],[1.839,-0.444],[2.502,0.425],[0.323,1.868],[1.705,1.575],[1.141,-2.697],[0.409,-1.008],[3.598,0.826],[2.527,0.686],[3.023,0.679],[0.559,2.093],[-3.869,3.912],[-3.336,-0.268],[-1.668,-1.615],[-3.782,-2.519],[-7.885,2.612],[-1.848,3.278],[-0.62,0.992],[-1.894,3.022],[2.151,4.59],[5.486,1.985],[2.384,0.675],[1.655,2.794],[1.5,2.225],[3.423,6.131],[0.757,3.057],[1.408,3.985],[2.978,3.309],[5.819,-1.746],[1.895,-4.663],[1.656,-3.563],[2.689,-5.365],[1.716,-4.134],[0.688,-2.384],[-3.128,-2.816],[-1.639,-2.023],[-0.94,-2.222],[-0.857,-2.451],[0.827,-0.776],[4.141,2.09],[0.584,2.027],[0.85,1.28],[5.281,-0.589],[1.368,-6.055],[1.317,-2.613],[1.698,1.15],[2.488,3.362],[2.299,1.259],[1.782,2.923],[2.283,6.004],[7.789,-3.327],[2.297,-1.305],[3.953,3.349],[1.189,2.23],[2.969,-1.319],[0.558,-0.587],[1.36,0.624],[3.103,0.775],[2.91,-5.248],[1.507,-2.019],[2.246,-2.256],[-0.848,-3.577],[-0.315,-2.962],[1.12,-0.657],[8.437,-5.386],[1.806,-0.557],[1.283,2.259],[0.954,1.542],[4.387,-1.537],[3.662,-4.036]],"v":[[151.819,-88.29],[147.283,-96.068],[120.675,-92.191],[112.896,-101.264],[79.8,-107.091],[51.267,-101.264],[37.634,-114.238],[-9.702,-114.238],[-20.092,-107.091],[-20.092,-101.264],[-33.726,-97.36],[-35.652,-101.264],[-60.308,-101.264],[-83.013,-109.042],[-99.231,-101.264],[-105.085,-85.704],[-100.524,-77.266],[-90.792,-77.266],[-88.867,-83.752],[-81.721,-86.337],[-80.428,-70.12],[-98.598,-63.632],[-100.524,-72.729],[-108.962,-74.021],[-108.962,-63.632],[-119.985,-60.389],[-124.546,-53.268],[-121.303,-46.781],[-131.667,-46.781],[-129.082,-33.146],[-118.693,-33.146],[-116.742,-40.294],[-107.01,-39.635],[-100.524,-43.537],[-94.036,-35.732],[-96.646,-28.611],[-88.207,-32.488],[-92.11,-43.536],[-88.207,-45.462],[-79.136,-33.805],[-69.406,-37.682],[-60.967,-28.611],[-62.918,-20.173],[-84.306,-14.978],[-96.646,-20.173],[-100.524,-28.611],[-118.693,-29.245],[-144.641,-8.49],[-146.592,6.436],[-150.495,9.02],[-150.495,23.286],[-134.91,36.26],[-111.572,36.26],[-103.133,41.455],[-102.475,54.43],[-92.743,58.965],[-95.988,86.865],[-88.867,97.255],[-87.549,114.107],[-70.038,117.351],[-52.529,100.499],[-53.187,80.378],[-40.846,70.648],[-40.213,46.65],[-27.872,33.676],[-29.824,23.945],[-46.041,19.41],[-46.701,9.02],[-53.188,1.874],[-52.529,-8.492],[-47.993,-8.492],[-36.97,6.434],[-37.603,14.848],[-31.775,16.798],[-13.606,5.775],[-27.24,-14.978],[-15.557,-15.637],[-12.947,-7.857],[0.661,1.874],[10.392,5.775],[9.099,19.41],[27.902,36.919],[39.585,5.118],[49.974,7.068],[57.095,26.529],[64.241,33.676],[63.583,20.701],[66.826,20.701],[70.728,25.238],[81.752,18.751],[81.118,-5.247],[90.849,-7.857],[94.092,-20.172],[84.362,-31.195],[90.19,-41.584],[95.384,-41.584],[112.237,-77.897],[118.723,-74.02],[118.723,-63.63],[125.211,-60.387],[133.015,-77.264]],"c":true},"ix":2},"nm":"Path 1","mn":"ADBE Vector Shape - Group","hd":false},{"ty":"fl","c":{"a":0,"k":[1,1,1,1],"ix":4},"o":{"a":0,"k":100,"ix":5},"r":1,"bm":0,"nm":"Fill 1","mn":"ADBE Vector Graphic - Fill","hd":false},{"ty":"tr","p":{"a":0,"k":[360.112,204.806],"ix":2},"a":{"a":0,"k":[0,0],"ix":1},"s":{"a":0,"k":[100,100],"ix":3},"r":{"a":0,"k":0,"ix":6},"o":{"a":0,"k":100,"ix":7},"sk":{"a":0,"k":0,"ix":4},"sa":{"a":0,"k":0,"ix":5},"nm":"Transform"}],"nm":"Group 14","np":2,"cix":2,"bm":0,"ix":14,"mn":"ADBE Vector Group","hd":false},{"ty":"gr","it":[{"ind":0,"ty":"sh","ix":1,"ks":{"a":0,"k":{"i":[[3.267,1.942],[1.696,2.839],[0.183,2.198],[0.749,3.177],[-1.073,1.429],[-9.198,-1.288],[-3.828,-5.504],[1.889,-3.496],[3.673,-3.215],[4.667,-1.818],[1.693,1.154]],"o":[[-2.843,-1.69],[-1.132,-1.894],[-0.269,-3.253],[-0.409,-1.738],[5.577,-7.428],[6.64,0.929],[2.269,3.263],[-2.32,4.295],[-3.768,3.3],[-1.909,0.743],[-3.14,-2.141]],"v":[[-15.004,13.247],[-27.978,10.663],[-25.394,2.225],[-31.222,-9.458],[-31.222,-16.604],[4.457,-26.968],[27.163,-12.702],[30.406,2.857],[12.237,10.003],[2.506,27.514],[-5.273,24.928]],"c":true},"ix":2},"nm":"Path 1","mn":"ADBE Vector Shape - Group","hd":false},{"ty":"fl","c":{"a":0,"k":[1,1,1,1],"ix":4},"o":{"a":0,"k":100,"ix":5},"r":1,"bm":0,"nm":"Fill 1","mn":"ADBE Vector Graphic - Fill","hd":false},{"ty":"tr","p":{"a":0,"k":[153.921,103.269],"ix":2},"a":{"a":0,"k":[0,0],"ix":1},"s":{"a":0,"k":[100,100],"ix":3},"r":{"a":0,"k":0,"ix":6},"o":{"a":0,"k":100,"ix":7},"sk":{"a":0,"k":0,"ix":4},"sa":{"a":0,"k":0,"ix":5},"nm":"Transform"}],"nm":"Group 15","np":2,"cix":2,"bm":0,"ix":15,"mn":"ADBE Vector Group","hd":false},{"ty":"gr","it":[{"ind":0,"ty":"sh","ix":1,"ks":{"a":0,"k":{"i":[[1.504,-1.274],[2.486,0.751],[0.826,1.543],[-2.066,2.065],[-1.797,2.302],[-2.666,3.004],[-15.543,6.478],[-2.434,1.075],[-4.396,-6.46],[2.081,-2.673],[-0.197,-3.777],[-2.621,0.583],[-1.089,0.642],[-3.853,-1.901],[-2.466,-1.522],[-1.03,-1.03],[3.27,-2.911],[4.789,-5.136],[1.059,-2.422],[3.745,-5.56],[1.609,-1.609],[0.872,0.437],[2.308,0.778],[2.696,-2.302],[-1.005,-2.489],[-1.28,-1.863],[-1.089,-1.416],[-1.624,-1.923],[-1.325,-1.209],[-6.679,-2.941],[-2.414,-1.063],[-1.609,-1.609],[-1.175,-1.339],[-3.142,-2.06],[0.693,-5.632],[1.178,-3.715],[1.278,-3.565],[3.958,-8.3],[-2.834,-4.736],[-0.818,-2.013],[2.731,-1.055],[1.926,3.99],[1.067,2.587],[0.914,1.758],[5.049,8.694],[1.368,3.678],[0.724,2.833],[1.686,3.772],[-1.7,2.178],[-0.979,0.904],[0.469,1.998],[1.37,0.168],[1.71,0.813],[1.503,1.728],[1.419,1.886],[0.499,0.639],[2.6,5.429],[0.439,2.282],[1.876,3.811],[-4.965,4.942],[-1.282,1.246],[0.623,2.704],[2.322,1.38],[3.577,-2.819]],"o":[[-1.982,1.679],[-1.675,-0.506],[-1.38,-2.574],[2.065,-2.065],[2.471,-3.166],[11.172,-12.598],[2.456,-1.024],[7.147,-3.157],[1.905,2.8],[-2.323,2.985],[0.139,2.68],[1.233,-0.274],[3.703,-2.179],[2.6,1.281],[1.24,0.766],[3.096,3.096],[-5.244,4.669],[-1.802,1.933],[-2.685,6.142],[-1.27,1.887],[-0.69,0.689],[-2.177,-1.092],[-3.358,-1.133],[-2.041,1.743],[0.847,2.096],[1.011,1.473],[1.534,1.995],[1.159,1.37],[5.393,4.918],[2.414,1.062],[2.081,0.916],[1.259,1.258],[2.478,2.823],[4.746,3.11],[-0.476,3.868],[-1.144,3.61],[-3.104,8.655],[-2.376,4.983],[1.116,1.866],[1.1,2.713],[-4.132,1.596],[-1.216,-2.521],[-0.757,-1.832],[-4.633,-8.923],[-1.97,-3.394],[-1.019,-2.74],[-1.023,-4.003],[-1.127,-2.522],[0.82,-1.05],[1.506,-1.393],[-0.316,-1.343],[-1.879,-0.23],[-2.069,-0.984],[-1.549,-1.781],[-0.488,-0.647],[-3.706,-4.744],[-1.004,-2.097],[-0.801,-4.172],[-3.095,-6.285],[1.267,-1.261],[1.989,-1.934],[-0.606,-2.632],[-3.916,-2.326],[-1.548,1.22]],"v":[[-58.345,-77.54],[-68.735,-77.54],[-74.563,-81.417],[-74.563,-93.099],[-62.881,-93.099],[-66.783,-108.683],[0.041,-100.245],[6.528,-108.683],[37.672,-106.073],[33.769,-93.099],[20.795,-85.319],[30.526,-80.784],[33.769,-84.661],[50.646,-87.904],[55.841,-77.54],[61.669,-77.54],[61.669,-60.029],[33.769,-63.273],[35.72,-52.883],[13.015,-38.617],[13.015,-29.519],[9.113,-29.519],[3.284,-37.324],[-10.349,-33.422],[-14.885,-23.691],[-6.446,-20.448],[-6.446,-13.301],[3.284,-10.716],[3.943,-3.57],[33.135,-3.57],[40.257,4.21],[49.354,4.21],[49.354,11.331],[64.254,13.282],[75.936,32.743],[64.913,43.766],[67.498,58.691],[39.623,82.689],[38.964,104.76],[46.744,108.637],[42.866,119.685],[27.282,111.247],[29.234,100.224],[22.746,95.664],[22.746,55.448],[9.113,47.668],[13.015,36.645],[0.7,25.623],[0.7,14.574],[5.87,13.282],[8.48,5.502],[4.577,1.6],[-1.91,5.502],[-3.202,-3.569],[-12.274,-6.18],[-12.274,-9.423],[-35.638,-15.251],[-31.736,-23.69],[-44.076,-35.372],[-41.466,-63.272],[-34.345,-63.906],[-33.053,-74.929],[-38.881,-84.026],[-57.051,-85.318]],"c":true},"ix":2},"nm":"Path 1","mn":"ADBE Vector Shape - Group","hd":false},{"ty":"fl","c":{"a":0,"k":[1,1,1,1],"ix":4},"o":{"a":0,"k":100,"ix":5},"r":1,"bm":0,"nm":"Fill 1","mn":"ADBE Vector Graphic - Fill","hd":false},{"ty":"tr","p":{"a":0,"k":[80.493,208.322],"ix":2},"a":{"a":0,"k":[0,0],"ix":1},"s":{"a":0,"k":[100,100],"ix":3},"r":{"a":0,"k":0,"ix":6},"o":{"a":0,"k":100,"ix":7},"sk":{"a":0,"k":0,"ix":4},"sa":{"a":0,"k":0,"ix":5},"nm":"Transform"}],"nm":"Group 16","np":2,"cix":2,"bm":0,"ix":16,"mn":"ADBE Vector Group","hd":false}],"ip":0,"op":45.0450450450451,"st":0,"bm":0},{"ddd":0,"ind":5,"ty":4,"nm":"world bg Outlines","sr":1,"ks":{"o":{"a":0,"k":100,"ix":11},"r":{"a":0,"k":0,"ix":10},"p":{"a":0,"k":[210,210,0],"ix":2},"a":{"a":0,"k":[210,210,0],"ix":1},"s":{"a":0,"k":[100,100,100],"ix":6}},"ao":0,"shapes":[{"ty":"gr","it":[{"ind":0,"ty":"sh","ix":1,"ks":{"a":0,"k":{"i":[[0,-85.604],[85.604,0],[0,85.604],[-85.604,0]],"o":[[0,85.604],[-85.604,0],[0,-85.604],[85.604,0]],"v":[[155,0],[0,155],[-155,0],[0,-155]],"c":true},"ix":2},"nm":"Path 1","mn":"ADBE Vector Shape - Group","hd":false},{"ty":"fl","c":{"a":0,"k":[0.081999999402,0.745000023935,0.808000033509,1],"ix":4},"o":{"a":0,"k":100,"ix":5},"r":1,"bm":0,"nm":"Fill 1","mn":"ADBE Vector Graphic - Fill","hd":false},{"ty":"tr","p":{"a":0,"k":[210,210],"ix":2},"a":{"a":0,"k":[0,0],"ix":1},"s":{"a":0,"k":[100,100],"ix":3},"r":{"a":0,"k":0,"ix":6},"o":{"a":0,"k":100,"ix":7},"sk":{"a":0,"k":0,"ix":4},"sa":{"a":0,"k":0,"ix":5},"nm":"Transform"}],"nm":"Group 1","np":2,"cix":2,"bm":0,"ix":1,"mn":"ADBE Vector Group","hd":false}],"ip":0,"op":45.0450450450451,"st":0,"bm":0}],"markers":[]}